机构名称,属地,县（区、市）,机构类别,机构级别,经营性质,统一社会信用代码,该USCC总记录数
浙江大学医学院附属第一医院,省级,,综合医院,三级,非营利性（政府办）,12330000470003222E,4
浙江大学医学院附属第一医院余杭院区,省级,,综合医院,三级,非营利性（政府办）,12330000470003222E,4
杭州市之江新城医院,杭州,西湖区,综合医院,三级,非营利性（政府办）,12330000470003222E,4
浙江大学医学院附属儿童医院滨江院区,省级,,儿童医院,三级,非营利性（政府办）,123300004700032571,3
浙江大学医学院附属儿童医院,省级,,儿童医院,三级,非营利性（政府办）,123300004700032571,3
浙江大学医学院附属儿童医院莫干山院区,省级,,儿童医院,三级,非营利性（政府办）,123300004700032571,3
浙江大学医学院附属邵逸夫医院,省级,,综合医院,三级,非营利性（政府办）,12330000470003265U,4
浙江大学医学院附属邵逸夫医院大运河院区,杭州,拱墅区,综合医院,三级,非营利性（政府办）,12330000470003265U,4
浙江大学医学院附属邵逸夫医院绍兴院区,绍兴,上虞区,综合医院,三级,非营利性（政府办）,12330000470003265U,4
浙江大学医学院附属妇产科医院余杭院区,省级,,妇产（科）医院,三级,非营利性（政府办）,12330000470003273N,3
浙江大学医学院附属妇产科医院钱江院区,省级,,妇产（科）医院,三级,非营利性（政府办）,12330000470003273N,3
浙江大学医学院附属妇产科医院,省级,,妇产（科）医院,三级,非营利性（政府办）,12330000470003273N,3
浙江大学医学院附属口腔医院,省级,,口腔医院,三级,非营利性（政府办）,12330000470003281H,4
浙江大学医学院附属口腔医院华家池院区,省级,,口腔医院,三级,非营利性（政府办）,12330000470003281H,4
浙江省中医院（钱塘院区）,省级,,中医（综合）医院,三级,非营利性（政府办）,12330000470004129M,3
浙江省中医院西溪院区,省级,,中医（综合）医院,三级,非营利性（政府办）,12330000470004129M,3
浙江省中医院,省级,,中医（综合）医院,三级,非营利性（政府办）,12330000470004129M,3
温州医科大学附属第二医院,省级,,综合医院,三级,非营利性（政府办）,12330000470005930F,2
温州医科大学附属第二医院瑶溪院区,省级,,综合医院,三级,非营利性（政府办）,12330000470005930F,2
浙江中医药大学附属第二医院,省级,,中西医结合医院,三级,非营利性（政府办）,12330000470032824N,2
浙江中医药大学附属第二医院申花院区,省级,,中西医结合医院,三级,非营利性（政府办）,12330000470032824N,2
浙江省人民医院,省级,,综合医院,三级,非营利性（政府办）,12330000470051726F,5
浙江省人民医院越城院区,绍兴,越城区,综合医院,三级,非营利性（政府办）,12330000470051726F,5
浙江医院,省级,,综合医院,三级,非营利性（政府办）,12330000470051734A,2
浙江医院三墩院区,省级,,综合医院,三级,非营利性（政府办）,12330000470051734A,2
浙江省立同德医院,省级,,中西医结合医院,三级,非营利性（政府办）,12330000470051793D,2
浙江省医疗健康集团衢州医院,衢州,柯城区,综合医院,三级,非营利性（非政府办）,12330000X09760348Q,3
杭州市红十字会医院,杭州,拱墅区,中西医结合医院,三级,非营利性（政府办）,12330100470116657W,2
杭州市第七人民医院,杭州,西湖区,精神病医院,三级,非营利性（政府办）,12330100470116673J,2
杭州市第七人民医院浙西院区,杭州,建德市,精神病医院,三级,非营利性（政府办）,12330100470116673J,2
杭州市中医院,杭州,西湖区,中医（综合）医院,三级,非营利性（政府办）,12330100470116681D,2
杭州市西溪医院,杭州,西湖区,传染病医院,三级,非营利性（政府办）,123301005898869669,2
浙江省医疗健康集团杭州医院,杭州,拱墅区,综合医院,二级,非营利性（非政府办）,12330100MB0T87691M,4
杭州市拱墅区人民中西医结合医院,杭州,拱墅区,中西医结合医院,二级,非营利性（政府办）,1233010347024048XJ,5
杭州市上城区人民医院,杭州,上城区,综合医院,二级,非营利性（政府办）,12330104470211064T,3
杭州市萧山区第一人民医院,杭州,萧山区,综合医院,三级,非营利性（政府办）,12330109470453493C,2
杭州市余杭区第三人民医院,杭州,余杭区,综合医院,二级,非营利性（政府办）,12330110470390322G,3
杭州市余杭区第二人民医院,杭州,余杭区,综合医院,二级,非营利性（政府办）,12330110470390330B,5
杭州市临平区第一人民医院,杭州,临平区,综合医院,三级,非营利性（政府办）,123301104703906486,5
杭州市临平区妇幼保健院,杭州,临平区,妇幼保健院,三级,非营利性（政府办）,123301104703906561,2
杭州市临平区中医院,杭州,临平区,中医（综合）医院,三级,非营利性（政府办）,12330110470390664U,2
桐庐县妇幼保健院,杭州,桐庐县,妇幼保健院,二级,非营利性（政府办）,12330122470300489Q,15
桐庐县中医院,杭州,桐庐县,中医（综合）医院,三级,非营利性（政府办）,123301224703200767,3
淳安县第一人民医院,杭州,淳安县,综合医院,三级,非营利性（政府办）,12330127470421547M,4
淳安县中医院,杭州,淳安县,中医（综合）医院,三级,非营利性（政府办）,12330127470421563B,2
建德市妇幼保健院,杭州,建德市,妇幼保健院,二级,非营利性（政府办）,12330182470483609Y,2
建德市第四人民医院,杭州,建德市,精神病医院,二级,非营利性（政府办）,123301824704837801,2
建德市中西医结合医院,杭州,建德市,中西医结合医院,二级,非营利性（政府办）,12330182470483879H,2
杭州市临安区第一人民医院,杭州,临安区,综合医院,三级,非营利性（政府办）,1233018547036225XD,11
杭州市临安区第三人民医院,杭州,临安区,综合医院,二级,非营利性（政府办）,12330185470362268D,44
杭州市临安区第四人民医院,杭州,临安区,综合医院,二级,非营利性（政府办）,12330185470362305K,35
宁波大学附属妇女儿童医院北部院区（宁波市儿童医疗中心）,宁波,江北区,儿童医院,三级,非营利性（政府办）,12330200419529894B,2
宁波大学附属妇女儿童医院,宁波,海曙区,妇幼保健院,三级,非营利性（政府办）,12330200419529894B,2
宁波大学附属第一医院方桥院区,宁波,奉化区,综合医院,三级,非营利性（政府办）,12330200MB1P683255,4
宁波大学附属第一医院,宁波,海曙区,综合医院,三级,非营利性（政府办）,12330200MB1P683255,4
宁波大学附属第一医院外滩院区,宁波,江北区,综合医院,三级,非营利性（政府办）,12330200MB1P683255,4
宁波市海曙区人民医院,宁波,海曙区,综合医院,二级,非营利性（政府办）,12330203MB12225613,3
宁波市北仑区第二人民医院,宁波,北仑区,综合医院,二级,非营利性（政府办）,123302064195610696,5
宁波市镇海区炼化医院,宁波,镇海区,综合医院,二级,非营利性（政府办）,12330211671228639R,5
象山县红十字台胞医院,宁波,象山县,综合医院,二级,非营利性（政府办）,12330225MB15219326,4
象山县中医医院,宁波,象山县,中医（综合）医院,二级,非营利性（政府办）,12330225MB1800552J,12
宁海县妇幼保健院,宁波,宁海县,妇幼保健院,三级,非营利性（政府办）,12330226F07970746T,2
宁波大学附属人民医院,宁波,鄞州区,综合医院,三级,非营利性（政府办）,12330227419611919D,2
余姚市第四人民医院,宁波,余姚市,综合医院,二级,非营利性（政府办）,12330281713385422T,4
宁波大学附属阳明医院,宁波,余姚市,综合医院,三级,非营利性（政府办）,123302817172156239,2
慈溪市中西医结合医疗健康集团六院院区（慈溪市中医医院）,宁波,慈溪市,综合医院,二级,非营利性（政府办）,1233028241968830XM,2
慈溪市中西医结合医疗健康集团中医院院区（慈溪市中医医院）,宁波,慈溪市,中医（综合）医院,二级,非营利性（政府办）,1233028241968830XM,2
宁波一院龙山医院医疗健康集团（慈溪市龙山医院）,宁波,慈溪市,综合医院,二级,非营利性（政府办）,123302824196897916,3
慈溪市第三人民医院医疗健康集团（慈溪市第三人民医院）,宁波,慈溪市,综合医院,二级,非营利性（政府办）,123302824196900120,3
温州市中西医结合医院,温州,鹿城区,中西医结合医院,三级,非营利性（政府办）,12330300470525530L,2
温州市中心医院,温州,鹿城区,综合医院,三级,非营利性（政府办）,12330300470525557C,2
温州市人民医院,温州,瓯海区,综合医院,三级,非营利性（政府办）,123303004705255657,3
温州医科大学附属口腔医院,温州,鹿城区,口腔医院,三级,非营利性（政府办）,12330300670291986B,2
温州医科大学附属眼视光医院,省级,,眼科医院,三级,非营利性（政府办）,123303007743926187,3
温州医科大学附属眼视光医院杭州院区,杭州,上城区,眼科医院,三级,非营利性（政府办）,123303007743926187,3
温州市龙湾区第一人民医院,温州,龙湾区,综合医院,二级,非营利性（政府办）,12330303470621178U,2
温州市瓯海区新桥街道山前社区自助卫生室,温州,瓯海区,村卫生室,二级,非营利性（政府办）,12330304470621442M,7
温州市瓯海区新桥街道瓯翔社区自助卫生室,温州,瓯海区,村卫生室,二级,非营利性（政府办）,12330304470621442M,7
温州市瓯海区中西医结合医院,温州,瓯海区,中西医结合医院,二级,非营利性（政府办）,12330304MB1559033Y,2
平阳县中医院,温州,平阳县,中医（综合）医院,三级,非营利性（政府办）,12330326470750009Y,2
平阳县人民医院,温州,平阳县,综合医院,三级,非营利性（政府办）,12330326470750084P,2
苍南县人民医院,温州,苍南县,综合医院,三级,非营利性（政府办）,123303274707800133,3
瑞安市妇幼保健院,温州,瑞安市,妇幼保健院,三级,非营利性（政府办）,12330381470860064L,3
瑞安市人民医院,温州,瑞安市,综合医院,三级,非营利性（政府办）,12330381470860064L,3
瑞安市中医院,温州,瑞安市,中医（综合）医院,三级,非营利性（政府办）,12330381470860101T,2
嘉兴市南湖区中心医院,嘉兴,南湖区,综合医院,二级,非营利性（政府办）,123304024709708530,11
嘉兴市王店人民医院,嘉兴,秀洲区,综合医院,二级,非营利性（政府办）,12330411470970116E,14
浙江省嘉善县第一人民医院,嘉兴,嘉善县,综合医院,三级,非营利性（政府办）,12330421471000226D,2
海盐县中医院,嘉兴,海盐县,中医（综合）医院,二级,非营利性（政府办）,12330424471030126A,2
海盐县人民医院,嘉兴,海盐县,综合医院,三级,非营利性（政府办）,123304244710301345,3
海宁市中医院,嘉兴,海宁市,中医（综合）医院,三级,非营利性（政府办）,12330481471100243M,2
海宁市第二人民医院,嘉兴,海宁市,综合医院,二级,非营利性（政府办）,123304814711007458,2
海宁市人民医院,嘉兴,海宁市,综合医院,三级,非营利性（政府办）,12330481471101115A,2
海宁市中心医院,嘉兴,海宁市,综合医院,二级,非营利性（政府办）,12330481471103612U,2
海宁市妇幼保健院,嘉兴,海宁市,妇幼保健院,三级,非营利性（政府办）,1233048147110368XN,2
平湖市第一人民医院,嘉兴,平湖市,综合医院,三级,非营利性（政府办）,12330482471140691Q,2
嘉兴市康慈医院,嘉兴,桐乡市,精神病医院,三级,非营利性（政府办）,123304834710618386,5
湖州师范学院附属第一医院（湖州市第一人民医院）,湖州,吴兴区,综合医院,三级,非营利性（政府办）,123305004711716660,2
德清县人民医院,湖州,德清县,综合医院,三级,非营利性（政府办）,123305214712205444,2
德清县中医院,湖州,德清县,中医（综合）医院,二级,非营利性（政府办）,12330521471220579N,2
长兴县人民医院,湖州,长兴县,综合医院,三级,非营利性（政府办）,123305224712502762,3
浙江省医疗健康集团长兴医院,湖州,长兴县,综合医院,二级,非营利性（非政府办）,12330522MB116359XG,2
安吉县人民医院,湖州,安吉县,综合医院,二级,非营利性（政府办）,12330523471288020E,3
湖州交通医院,湖州,吴兴区,综合医院,二级,非营利性（非政府办）,12330524MB1340410M,2
湖州市南浔区双林人民医院,湖州,南浔区,综合医院,二级,非营利性（政府办）,1233052547117180XK,21
湖州市南浔区中医院,湖州,南浔区,中医（综合）医院,二级,非营利性（政府办）,12330525471171826E,23
湖州市南浔区人民医院,湖州,南浔区,综合医院,二级,非营利性（政府办）,123305254711718349,3
湖州市南浔区练市人民医院,湖州,南浔区,综合医院,二级,非营利性（政府办）,12330525471171850Y,22
湖州市南浔区菱湖人民医院,湖州,南浔区,综合医院,二级,非营利性（政府办）,123305254711743306,26
绍兴市人民医院,绍兴,越城区,综合医院,三级,非营利性（政府办）,12330600471323017X,4
绍兴第二医院医共体总院,绍兴,柯桥区,综合医院,三级,非营利性（政府办）,12330621471390498X,2
新昌县人民医院,绍兴,新昌县,综合医院,三级,非营利性（政府办）,12330624471450411Y,2
诸暨市人民医院,绍兴,诸暨市,综合医院,三级,非营利性（政府办）,12330681471481007R,3
诸暨市第二人民医院,绍兴,诸暨市,综合医院,二级,非营利性（政府办）,12330681471481015L,2
诸暨市第四人民医院,绍兴,诸暨市,综合医院,二级,非营利性（政府办）,12330681471481074P,17
诸暨市中心医院,绍兴,诸暨市,综合医院,二级,非营利性（政府办）,1233068147148112XM,3
诸暨市第六人民医院,绍兴,诸暨市,综合医院,二级,非营利性（政府办）,12330681471481269H,9
绍兴市上虞人民医院,绍兴,上虞区,综合医院,三级,非营利性（政府办）,123306824715107440,2
绍兴市上虞第二人民医院(绍兴市上虞区崧厦街道社区卫生服务中心、绍兴市上虞区崧厦街道妇幼保健计划生育服务站),绍兴,上虞区,综合医院,二级,非营利性（政府办）,12330682471510779J,21
金华市第二医院,金华,婺城区,精神病医院,三级,非营利性（政府办）,12330700471540425K,2
金华市中心医院,金华,婺城区,综合医院,三级,非营利性（政府办）,12330700471540601G,2
金华市婺城区人民医院,金华,婺城区,综合医院,二级,非营利性（政府办）,12330702471620775R,2
武义县中医院,金华,武义县,中医（综合）医院,二级,非营利性（政府办）,12330723471650683K,3
磐安县人民医院,金华,磐安县,综合医院,二级,非营利性（政府办）,123307274717104986,2
磐安县中医院,金华,磐安县,中医（综合）医院,二级,非营利性（政府办）,12330727471710885J,6
兰溪市人民医院,金华,兰溪市,综合医院,三级,非营利性（政府办）,12330781471740638Q,2
义乌市妇幼保健院,金华,义乌市,妇幼保健院,三级,非营利性（政府办）,1233078247177175XE,4
义乌市妇幼保健院儿童院区,金华,义乌市,妇幼保健院,三级,非营利性（政府办）,1233078247177175XE,4
义乌市后宅医院,金华,义乌市,综合医院,二级,非营利性（政府办）,12330782471771901X,7
义乌市第二人民医院,金华,义乌市,综合医院,二级,非营利性（政府办）,12330782471772250F,8
义乌市北苑医院,金华,义乌市,综合医院,二级,非营利性（政府办）,12330782471773448R,8
浙江大学医学院附属第四医院,金华,义乌市,综合医院,三级,非营利性（政府办）,12330782689145495P,4
东阳市人民医院,金华,东阳市,综合医院,三级,非营利性（政府办）,1233078347180163XH,2
东阳市中医院,金华,东阳市,中医（综合）医院,三级,非营利性（政府办）,12330783471801648H,2
东阳市横店医院,金华,东阳市,综合医院,二级,非营利性（政府办）,123307834718016647,18
东阳市红会医院,金华,东阳市,综合医院,二级,非营利性（政府办）,12330783732009502A,2
永康市第二人民医院,金华,永康市,综合医院,二级,非营利性（政府办）,123307844718324019,15
衢州市柯城区中医医院,衢州,柯城区,中医（综合）医院,二级,非营利性（政府办）,12330802MB1E749018,2
衢州市第二人民医院,衢州,衢江区,综合医院,三级,非营利性（政府办）,12330821471940031E,2
龙游县中医医院,衢州,龙游县,中医（综合）医院,二级,非营利性（政府办）,1233082547203038XC,2
舟山市普陀区第二人民医院,舟山,普陀区,综合医院,二级,非营利性（政府办）,123309037511935956,2
嵊泗县人民医院,舟山,嵊泗县,综合医院,二级,非营利性（政府办）,12330922472230306U,5
浙江省台州医院,台州,临海市,综合医院,三级,非营利性（政府办）,12331000796490606H,5
台州市康复医院,台州,路桥区,康复医院,三级,非营利性（政府办）,12331000796490606H,5
台州市立医院,台州,椒江区,综合医院,三级,非营利性（政府办）,12331002472630676D,2
台州市第一人民医院,台州,黄岩区,综合医院,三级,非营利性（政府办）,12331003472690185U,3
台州市第一人民医院委羽山院区,台州,黄岩区,综合医院,三级,非营利性（政府办）,12331003472690185U,3
台州市路桥区中医院医疗服务共同体（台州市路桥区中医院）,台州,路桥区,中医（综合）医院,二级,非营利性（政府办）,12331004472710019E,3
三门县人民医院,台州,三门县,综合医院,三级,非营利性（政府办）,12331022472810415D,2
仙居县中医院,台州,仙居县,中医（综合）医院,二级,非营利性（政府办）,12331024472750029D,2
仙居县第五人民医院（仙居县红十字第五人民医院）,台州,仙居县,精神病医院,二级,非营利性（政府办）,123310244727506279,2
温岭市中医院,台州,温岭市,中医（综合）医院,三级,非营利性（政府办）,123310810873853447,3
温岭市第一人民医院滨海新城院区,台州,温岭市,综合医院,二级,非营利性（政府办）,12331081472723725Q,2
温岭市第一人民医院,台州,温岭市,综合医院,三级,非营利性（政府办）,123310817458062608,2
温岭市第五人民医院,台州,温岭市,精神病医院,二级,非营利性（政府办）,12331081E96970598J,2
台州市中西医结合医院,台州,温岭市,中西医结合医院,三级,非营利性（政府办）,12331081MB0264591E,2
临海市中医院医疗卫生服务共同体,台州,临海市,中医（综合）医院,二级,非营利性（政府办）,12331082472660170H,4
临海市第一人民医院医疗卫生服务共同体,台州,临海市,综合医院,二级,非营利性（政府办）,12331082472660445Y,4
临海市第二人民医院医疗卫生服务共同体,台州,临海市,综合医院,二级,非营利性（政府办）,1233108247266098XR,2
丽水市第二人民医院,丽水,莲都区,精神病医院,三级,非营利性（政府办）,12332500472260070Y,3
丽水市中心医院,丽水,莲都区,综合医院,三级,非营利性（政府办）,12332500472260169F,2
丽水市人民医院,丽水,莲都区,综合医院,三级,非营利性（政府办）,12332500472310648J,3
丽水市人民医院东城院区,丽水,莲都区,综合医院,三级,非营利性（政府办）,12332500472310648J,3
青田县中医医院温溪院区,丽水,青田县,中医（综合）医院,二级,非营利性（政府办）,1233252247234002XJ,2
青田县中医医院,丽水,青田县,中医（综合）医院,二级,非营利性（政府办）,1233252247234002XJ,2
遂昌县中医院,丽水,遂昌县,中医（综合）医院,二级,非营利性（政府办）,12332527472490271X,2
松阳县中医医院,丽水,松阳县,中医（综合）医院,二级,非营利性（政府办）,123325284725200392,2
萧山经济技术开发区医院,杭州,萧山区,综合医院,二级,非营利性（非政府办）,523301094704555525,5
义乌稠州医院,金华,义乌市,综合医院,二级,非营利性（非政府办）,52330782471773317R,2
义乌天祥医疗东方医院,金华,义乌市,综合医院,二级,非营利性（非政府办）,52330782758058396T,2
温岭东方医院,台州,温岭市,综合医院,二级,非营利性（非政府办）,52331081472729123P,2
慈林医院,宁波,慈溪市,综合医院,三级,营利性,91330200717884309P,2
